13,14,15,16,17,18,19,20,4,5,6,7,8,9,10,11,12
13.3493634841528,12.7366975666738,19.5948371363122,12.6875806652912,25.3992098821537,19.5938399208908,20.7260927509804,20.3236027988722,1.02669933542192,1.02669933542192,1.40250458193555,0.730362195426645,1.24094054034062,3.59344767397672,4.88395209682031,20.2249805834577,10.5622780783876
18.9331610536617,19.5948371363122,22.8273347281092,12.8049036500723,21.4320452464579,2.94937733547022,20.7260927509804,12.424336824975,0.86275068604709,0.92934567118071,0.730362195426645,0.822344239426863,1.89438554435071,1.91236527278175,20.2249805834577,20.2249805834577,4.53171476992958
3.21718349739853,16.8708311115144,23.3196498665929,7.73369479464747,6.36158984157197,1.41099065710004,20.7260927509804,7.41092660769146,1.11693083696306,0.730362195426645,0.697009253385532,1.02669933542192,1.97058286834115,1.13672631331058,20.2249805834577,20.2249805834577,2.549820363709
1.67885875590244,3.39738085206394,19.5948371363122,8.01729412026819,6.514558542521,0.646013099235233,2.14673358644429,7.74083794501237,0.86275068604709,0.697009253385532,0.51334966771096,0.464672835590355,1.97058286834115,1.02669933542192,1.13672631331058,10.6208716822054,1.29460334828447
1.78785575467026,2.84321579956173,19.5948371363122,8.30900872664333,3.92895113573755,0.503863203245802,4.35209123140835,7.15246873331956,1.11693083696306,0.51334966771096,0.51334966771096,0.822344239426863,1.91236527278175,1.91236527278175,3.06108410437666,20.2249805834577,1.11541747391647
1.61591289750816,4.42485994425645,7.39786028330941,7.90975477572719,0.972468056976081,0.51334966771096,4.43158730777258,5.96923629097897,0.694581561707655,0.637455090927251,0.575402379319106,0.956182636390877,1.77015918134628,1.48313021634193,2.40696207319507,31.5275983321763,0.694581561707655
3.18524450942179,10.7015250495585,3.72490925383992,8.25647795217253,2.86625840190771,1.96793761125949,3.67515018589976,5.89179477136722,1.77900746800827,2.69389902967646,2.28606222520082,2.07788962872624,3.54981392536525,3.50049060285485,4.17299477574305,2.68533901933154,3.81800927480162
2.46703271828059,1.93864362982253,3.70875543495996,8.62500321682849,1.46072439085329,0.697009253385532,4.04499611669155,8.05267170411071,0.318727545463626,0.822344239426863,1.14920420114324,0.956182636390877,0.694581561707655,3.38458276419613,2.3585107639843,5.55772223666277,0.802735435225038
5.71805449632356,2.92439829759763,10.1630263329833,8.40603762828703,0.95461532239206,1.24094054034062,1.54353965770977,8.02086416856871,0.479524787185499,1.18199505627171,1.02669933542192,0.730362195426645,0.802735435225038,3.11721499463747,2.15520519585807,5.84568314466113,0.654571107543214
2.18180447145017,1.9583682673964,19.5948371363122,1.38916312341531,0.956182636390877,0.988753477561286,1.33340489375048,6.25605233696886,0.450526786976249,1.30415753780249,0.51334966771096,0.637455090927251,0.694581561707655,1.43312920095385,2.31598169530274,5.85183385375342,0.847552858075574
2.58942887848088,1.29460334828447,19.5948371363122,0.494376738780643,0.941980496786385,1.5115896097374,1.45686372176732,3.41017893993175,0.464672835590355,0.875844955303787,0.694581561707655,0.697009253385532,0.822344239426863,0.956182636390877,2.58942887848088,20.2249805834577,0.654571107543214
1.59504590953962,1.75169176885147,19.5948371363122,0.637455090927251,0.730362195426645,1.64092576854172,1.64468847885373,3.87780284681115,0.494376738780643,0.875844955303787,0.730362195426645,0.941980496786385,0.51334966771096,1.21336502774114,2.40571784071502,20.2249805834577,0.694581561707655
1.64468847885373,1.63624824161028,NaN,0.51334966771096,0.695795407546594,1.84573642102951,2.08681101512323,2.97730588923385,0.464672835590355,0.916251401924014,0.51334966771096,0.51334966771096,0.802735435225038,1.02669933542192,1.77015918134628,20.2249805834577,0.654571107543214
2.49925456904916,4.46495449217151,NaN,3.26965130067883,3.69147284205902,4.2315480600171,3.26887618258347,3.20514133796988,2.08779397450569,3.16051845186674,3.06514185042345,3.43044687084094,2.8714907059614,2.31835249619634,3.52391634138999,3.98003199317589,2.70504289834075
2.27345262662117,3.1831262623386,NaN,1.24094054034062,1.18199505627171,1.64280712369772,1.02669933542192,5.22996519253868,0.51334966771096,1.86507273386682,1.46072439085329,0.955398979391468,1.75024530142743,2.78640794643184,1.59363772731813,1.5668433652255,0.694581561707655
1.43312920095385,1.9583682673964,NaN,1.02669933542192,1.41099065710004,1.46072439085329,1.43312920095385,5.54741399261703,0.450526786976249,1.90923064478412,0.822344239426863,2.80927151462512,1.84573642102951,1.24094054034062,0.988753477561286,7.01206853534073,0.802735435225038
1.2749101818545,1.60547087045008,NaN,1.02669933542192,1.08171282436625,0.494376738780643,0.92934567118071,1.18199505627171,0.464672835590355,1.66428522451346,0.730362195426645,2.41381118528767,1.91407481851639,0.956182636390877,1.13672631331058,20.2249805834577,0.822344239426863
0.637455090927251,1.7616487088109,NaN,0.637455090927251,0.503863203245802,0.646013099235233,1.68388197017319,2.05339867084384,0.436380738362143,0.637455090927251,0.494376738780643,2.98559368484057,0.972468056976081,1.2749101818545,1.25792536109756,20.2249805834577,0.92934567118071
1.38326704735217,1.9583682673964,NaN,0.637455090927251,1.08171282436625,0.637455090927251,2.06062781701355,2.44042195178413,0.479524787185499,0.956182636390877,0.503863203245802,1.46072439085329,0.697009253385532,1.48313021634193,1.43312920095385,4.82954224423801,0.81253983732595
1.85011051372601,1.38916312341531,NaN,0.730362195426645,1.26777194431255,1.8079478011879,1.42205992902695,2.55824674664876,0.494376738780643,0.95461532239206,0.51334966771096,1.0077264064916,0.730362195426645,1.4430661268176,1.12682857513682,4.00956490721194,1.05208547573888
2.1725223566204,2.69389902967646,NaN,3.18806087386479,3.52316068139622,3.80503512540839,2.59543113940018,11.0785352743764,2.44004499978916,1.60547087045008,2.11296051373212,2.86625840190771,3.40224436913357,2.86740315554017,1.75784106739743,2.09956470839456,3.18321356420733
0.903157132667318,4.03063128897202,NaN,2.86384596717618,1.68388197017319,1.45300305268136,1.02669933542192,0.694581561707655,0.51334966771096,0.51334966771096,0.436380738362143,0.318727545463626,3.17897707004095,2.38211430234966,1.15936068479115,3.48848191133968,0.766548815325842
2.39574205814561,2.31598169530274,NaN,2.10238058660864,1.87145412537221,0.730362195426645,1.50038669699309,5.59122529176961,0.51334966771096,0.464672835590355,0.766548815325842,1.97058286834115,2.5582843511319,8.5474525863992,10.9355802540271,3.72282162102186,0.674576334625435
1.91891899224866,1.84573642102951,NaN,1.21146779830616,1.64280712369772,0.51334966771096,2.3748781940598,5.22996519253868,0.494376738780643,0.730362195426645,0.494376738780643,1.4319968548907,1.2749101818545,2.0119907695925,1.59363772731813,2.47445689948092,0.822344239426863
1.32959901863505,0.95461532239206,NaN,1.28990401095636,1.24094054034062,0.802735435225038,0.694581561707655,3.75030525079991,0.464672835590355,0.637455090927251,1.21146779830616,0.464672835590355,1.43312920095385,2.5667483385548,1.77015918134628,4.39655994829708,0.694581561707655
1.43312920095385,0.847552858075574,NaN,0.697009253385532,0.637455090927251,0.494376738780643,20.7260927509804,2.58787597253266,0.494376738780643,0.694581561707655,0.730362195426645,0.503863203245802,1.75313823627551,2.57373947363566,1.66177361737808,2.41100874548139,0.822344239426863
1.94493611395216,0.694581561707655,NaN,0.494376738780643,0.972468056976081,0.916251401924014,1.97058286834115,2.05339867084384,0.494376738780643,0.674576334625435,0.694581561707655,0.51334966771096,1.41114616218458,1.5995542988841,1.30914221508643,1.5115896097374,0.802735435225038
2.77961742741676,3.82473054556351,NaN,3.18321356420733,2.21405023923557,3.98726780532511,3.11404277689812,4.22576449742673,2.72134783903089,2.94385460719522,3.67267867038932,3.72884488610191,2.2737261426593,3.9031517734058,1.66428522451346,1.60547087045008,3.49448625709726
1.43312920095385,0.802735435225038,NaN,1.14920420114324,1.97058286834115,1.46072439085329,0.822344239426863,2.3585107639843,0.666018326317453,0.697009253385532,1.02669933542192,3.01106282099617,2.46703271828059,1.75024530142743,2.75131946079627,1.64468847885373,0.694581561707655
1.59363772731813,0.654571107543214,NaN,0.95461532239206,1.64092576854172,0.71247187856715,1.97058286834115,2.05339867084384,0.822344239426863,0.575402379319106,0.51334966771096,1.64468847885373,1.61728174792992,1.75024530142743,3.59344767397672,1.11693083696306,0.654571107543214
1.33150195619277,1.2749101818545,NaN,0.697009253385532,3.18837979985551,1.02669933542192,1.75169176885147,3.67164190959612,0.51334966771096,0.51334966771096,0.318727545463626,0.991440985906399,1.43312920095385,1.33340489375048,2.78042549376076,1.12682857513682,0.872761476724285
0.903157132667318,0.654571107543214,NaN,0.730362195426645,2.5084265409948,1.24094054034062,1.63364034655398,3.67880441046938,0.51334966771096,0.51334966771096,0.377554141912884,0.730362195426645,1.2749101818545,1.48313021634193,2.15520519585807,1.11617415543977,0.955398979391468
1.11693083696306,1.11617415543977,NaN,0.92934567118071,1.2749101818545,1.02669933542192,1.54004900313288,2.70386825116211,0.637455090927251,0.51334966771096,0.318727545463626,0.730362195426645,0.955398979391468,1.18578951514166,1.69746689014058,1.75313823627551,0.988753477561286
1.11541747391647,1.0077264064916,NaN,0.730362195426645,1.45300305268136,0.730362195426645,2.48188108068124,2.88874840566206,0.51334966771096,0.464672835590355,1.13672631331058,0.92934567118071,1.11693083696306,0.956182636390877,1.66428522451346,1.13672631331058,0.872761476724285
4.08441773984931,2.62857253434625,NaN,3.85128963656645,3.76277500984918,3.27697368270749,0.847552858075574,2.27345262662117,3.06514185042345,2.29052955004782,3.21697448110182,1.75169176885147,3.16051845186674,3.17186600803704,1.89190969907698,3.39121258453952,3.65467012347484
4.82664581670258,0.694581561707655,NaN,0.697009253385532,1.41099065710004,1.24094054034062,1.18199505627171,2.72382956051977,1.61728174792992,0.955398979391468,1.24094054034062,0.822344239426863,1.75024530142743,1.7616487088109,2.15520519585807,1.33340489375048,1.91236527278175
5.59160345854653,0.694581561707655,NaN,2.73971187987616,1.41099065710004,1.02669933542192,1.24094054034062,5.13247206914191,1.66240386935746,0.436380738362143,1.0077264064916,0.822344239426863,1.2284526190631,1.43312920095385,1.7616487088109,1.64468847885373,1.11693083696306
3.7260380278609,1.21336502774114,NaN,1.39401850677106,0.695795407546594,1.86507273386682,5.42747954783053,4.20417697512252,1.64092576854172,0.436380738362143,0.941980496786385,0.875844955303787,0.802735435225038,1.02669933542192,1.33150195619277,5.47987629978123,1.66177361737808
2.7126080450965,0.822344239426863,NaN,0.956182636390877,0.494376738780643,1.54004900313288,5.91036748806741,2.31598169530274,0.730362195426645,0.318727545463626,1.18199505627171,0.713685724406089,1.21146779830616,1.15936068479115,2.68101190234109,2.72382956051977,1.29460334828447
1.60547087045008,1.02669933542192,NaN,1.41099065710004,1.63364034655398,1.24094054034062,0.916251401924014,2.75131946079627,0.697009253385532,0.503863203245802,1.54004900313288,0.956182636390877,1.64280712369772,1.2749101818545,1.87905084690563,2.38576627557619,1.0077264064916
2.06785696318325,0.494376738780643,NaN,1.02669933542192,1.13672631331058,1.02669933542192,0.730362195426645,1.46806663451164,0.575402379319106,0.637455090927251,1.54004900313288,0.887959304695801,1.64468847885373,2.08779397450569,1.60547087045008,2.07782546884447,1.10318465991091
3.57571150934052,3.06348812677556,NaN,3.69147284205902,3.50600300009988,2.92085795386817,3.18727545463626,2.72382956051977,3.08227897795551,2.77694364450179,1.67885875590244,1.05882559066364,2.69389902967646,2.72134783903089,2.14564113217756,3.57571150934052,3.39672847683654
2.12149958518188,1.18199505627171,NaN,2.86384596717618,0.637455090927251,2.53626381410799,4.01891513317244,1.91236527278175,0.51334966771096,0.95461532239206,0.822344239426863,1.41099065710004,0.81253983732595,1.05208547573888,5.34471484611528,2.88874840566206,0.802735435225038
1.87905084690563,0.956182636390877,NaN,2.10238058660864,0.494376738780643,1.46072439085329,7.16147241574892,3.16145929333488,0.695795407546594,0.822344239426863,0.991440985906399,1.63364034655398,0.654571107543214,2.40696207319507,2.66680978750096,1.93864362982253,1.91236527278175
2.23247724608575,0.51334966771096,NaN,2.10238058660864,1.97058286834115,0.95461532239206,3.31389181675747,2.94165599729828,0.494376738780643,0.637455090927251,0.697009253385532,1.25792536109756,1.7616487088109,2.46703271828059,17.6971128956316,1.90923064478412,1.18578951514166
1.60547087045008,0.637455090927251,NaN,2.47445689948092,1.31400412101748,0.637455090927251,3.14394151662881,2.88874840566206,0.464672835590355,0.436380738362143,0.51334966771096,0.766548815325842,1.5668433652255,1.75024530142743,2.28159490035381,2.08779397450569,0.95461532239206
1.48313021634193,0.802735435225038,NaN,1.90923064478412,1.0077264064916,0.51334966771096,1.69703200240862,3.04207020248755,0.51334966771096,0.318727545463626,0.86275068604709,1.45686372176732,1.49652602790712,1.43312920095385,1.91236527278175,1.91236527278175,0.872761476724285
1.26777194431255,0.928886227529689,NaN,1.8079478011879,1.47192730359761,0.494376738780643,0.86275068604709,20.2731775537675,0.51334966771096,0.51334966771096,0.494376738780643,0.955398979391468,1.75024530142743,1.45300305268136,1.78785575467026,1.64468847885373,0.802735435225038
1.7616487088109,2.40571784071502,NaN,3.57571150934052,2.55276047972798,4.11172119713432,3.9987361844843,2.65538835875588,1.47192730359761,2.71665047926086,3.35559782485811,2.89757111773867,4.05974613416082,3.0536060264555,1.69746689014058,2.05339867084384,3.5302188562428
1.29460334828447,1.46072439085329,NaN,2.13607706849706,1.18199505627171,0.991440985906399,2.173145891069,5.19155422710146,0.494376738780643,0.730362195426645,0.51334966771096,0.822344239426863,2.68371209309025,1.13672631331058,3.48848191133968,1.13672631331058,1.91891899224866
1.91891899224866,1.77015918134628,NaN,2.84291364068813,2.51136665701377,0.92934567118071,0.92934567118071,8.9128126173512,0.941980496786385,0.730362195426645,0.450526786976249,0.95461532239206,8.37104841253623,1.24094054034062,2.87001930756702,1.7616487088109,1.91564213251521
0.988753477561286,14.1942904191014,NaN,2.05339867084384,0.81253983732595,0.494376738780643,0.875844955303787,20.2731775537675,1.86507273386682,0.51334966771096,0.318727545463626,2.0119907695925,1.33340489375048,1.45300305268136,1.64468847885373,2.01311261528983,0.903157132667318
1.18578951514166,1.47192730359761,NaN,1.85869134236142,0.81253983732595,0.92934567118071,0.730362195426645,18.8017901131366,0.956182636390877,0.436380738362143,0.51334966771096,1.77015918134628,0.802735435225038,1.84573642102951,1.59363772731813,2.62811933299092,0.872761476724285
1.45300305268136,0.654571107543214,NaN,1.63364034655398,1.18199505627171,1.25792536109756,1.45300305268136,20.3808924187789,0.802735435225038,0.436380738362143,0.494376738780643,1.77015918134628,0.916251401924014,1.43312920095385,1.29460334828447,1.75024530142743,0.802735435225038
0.988753477561286,1.59363772731813,NaN,1.61916310308593,1.21146779830616,0.637455090927251,0.713685724406089,19.789327612034,0.637455090927251,0.503863203245802,0.51334966771096,0.802735435225038,0.95461532239206,1.0077264064916,1.33340489375048,2.40696207319507,0.730362195426645
2.5667483385548,3.65882752974049,NaN,3.50627647255103,3.76277500984918,3.44154337423501,3.9795419897822,3.18540971158007,3.19290818352224,3.05843820429777,3.04207020248755,2.54423063280905,3.06514185042345,2.09956470839456,3.74331920871527,2.49925456904916,3.05277916463156
1.6250796746519,2.40696207319507,NaN,1.59363772731813,0.637455090927251,1.64092576854172,1.54004900313288,9.25676792393098,0.92934567118071,0.822344239426863,2.98175949209707,1.18199505627171,1.33340489375048,2.3585107639843,4.20417697512252,2.62793954940146,1.11541747391647
1.45686372176732,2.68371209309025,NaN,1.28475676506949,0.494376738780643,1.71851010322435,1.02669933542192,7.17884809535752,0.991440985906399,0.730362195426645,2.09670417338262,1.4319968548907,0.802735435225038,2.15520519585807,2.70061439867955,7.13595315533936,1.13672631331058
1.29460334828447,2.98559368484057,NaN,0.81253983732595,0.51334966771096,0.991440985906399,1.16168208897589,7.50487332027314,1.16168208897589,0.674576334625435,1.21146779830616,2.05339867084384,0.988753477561286,2.34367714524759,2.5667483385548,1.63364034655398,1.43312920095385
1.05882559066364,1.59504590953962,NaN,0.956182636390877,0.637455090927251,0.694581561707655,1.46072439085329,5.63422297041913,0.730362195426645,0.494376738780643,0.730362195426645,0.95461532239206,1.2749101818545,3.44320758591167,2.54978275922587,7.20775157780079,1.10318465991091
1.18578951514166,2.06062781701355,NaN,1.29460334828447,0.464672835590355,1.44692679590357,0.872761476724285,3.8463102736818,1.61728174792992,0.494376738780643,0.646013099235233,0.713685724406089,1.5115896097374,1.64280712369772,2.23109281824538,7.20383644190521,1.11541747391647
1.29460334828447,1.60547087045008,NaN,1.2749101818545,0.51334966771096,1.36371170026077,1.24094054034062,3.5930576087218,0.92934567118071,0.694581561707655,0.694581561707655,0.697009253385532,1.18578951514166,1.29460334828447,2.40571784071502,9.12687290700988,0.694581561707655
3.90905144967396,2.27752376348749,NaN,1.75702788946804,3.51440013701612,3.054665168535,3.31490348035784,3.74228110255544,2.83877357473222,2.58942887848088,2.3585107639843,2.4288249847397,3.47290780853828,3.35771751180488,2.40571784071502,2.88727700726767,2.58942887848088
2.51585072219512,2.3585107639843,NaN,1.59363772731813,3.00277502538945,1.50038669699309,4.41094672403429,17.777287309824,0.766548815325842,0.730362195426645,2.173145891069,1.36371170026077,2.27345262662117,1.64468847885373,1.59504590953962,4.9942160347053,1.11541747391647
2.5168905284177,2.15520519585807,NaN,1.45686372176732,19.3466899418302,0.95461532239206,1.89034238507817,13.6344404995836,1.0077264064916,0.730362195426645,1.2749101818545,1.64468847885373,2.24985952944546,3.37617335227126,1.8079478011879,20.2249805834577,0.988753477561286
1.76020224138685,2.39574205814561,NaN,0.802735435225038,5.12250371856421,1.41099065710004,1.96447556786878,19.1812415605584,0.941980496786385,0.51334966771096,0.494376738780643,1.02669933542192,0.955398979391468,10.0025815617091,1.45300305268136,20.2249805834577,1.23034984849808
4.18988246206695,2.15520519585807,NaN,0.654571107543214,6.73118259302075,0.955398979391468,0.956182636390877,18.5013548797155,0.92934567118071,0.730362195426645,0.503863203245802,1.13672631331058,0.694581561707655,20.2249805834577,0.956182636390877,13.9152992287417,1.11617415543977
2.82448670146669,1.5668433652255,NaN,0.822344239426863,19.5938399208908,0.955398979391468,0.802735435225038,19.3594332842764,0.730362195426645,0.694581561707655,1.21336502774114,1.07181508619249,0.694581561707655,1.30187278168545,1.41357385386246,1.11541747391647,1.12682857513682
2.26965500579298,1.54247596185361,NaN,0.822344239426863,18.7157282995724,0.95461532239206,2.82515003351708,19.3116593650221,0.730362195426645,0.872761476724285,0.766548815325842,1.46072439085329,0.694581561707655,1.29460334828447,1.60547087045008,1.8079478011879,1.59363772731813
2.58920669656894,2.6591980372701,NaN,3.71602894855004,6.08803226913169,3.09235695188813,3.08980584114869,6.91692661226414,3.37626124907518,2.78042549376076,3.35079251088919,2.93274066765884,2.34604886635355,2.88535580429762,3.35079251088919,3.4320601965389,2.6157238988841
5.87871587484229,3.56649295307972,NaN,1.24094054034062,5.657363588371,0.749872344305285,1.41099065710004,3.87415925779536,0.86275068604709,0.71247187856715,1.97058286834115,2.30759093453831,1.75024530142743,1.16125791422612,3.2230072213035,2.72382956051977,0.887959304695801
5.25926960601647,2.97730588923385,NaN,0.697009253385532,3.08529323945595,0.674576334625435,0.637455090927251,NaN,0.730362195426645,0.51334966771096,1.46072439085329,2.26965500579298,1.1888334268256,1.33340489375048,1.91564213251521,3.73915820115342,1.09095184590536
20.1790278544411,6.64214646064387,NaN,0.575402379319106,2.19108658627994,0.95461532239206,0.637455090927251,NaN,0.822344239426863,0.637455090927251,1.02669933542192,2.30351979767199,1.11693083696306,0.637455090927251,2.25772828713997,20.2249805834577,1.21336502774114
2.40820630567511,5.85798456284571,NaN,0.494376738780643,1.87145412537221,0.875844955303787,0.494376738780643,NaN,0.697009253385532,0.436380738362143,0.464672835590355,1.64092576854172,1.7074238301,0.903157132667318,1.15936068479115,20.2249805834577,0.802735435225038
2.94937733547022,4.67595159427972,NaN,0.51334966771096,2.27345262662117,0.822344239426863,0.436380738362143,NaN,0.713685724406089,0.494376738780643,0.766548815325842,0.956182636390877,1.89595285834953,1.11693083696306,1.45300305268136,1.84573642102951,1.71599849608898
2.34365637053442,3.03208612735795,NaN,0.637455090927251,1.4430661268176,1.13672631331058,0.637455090927251,NaN,0.92934567118071,0.51334966771096,0.51334966771096,0.95461532239206,0.802735435225038,3.17765064506118,2.41100874548139,1.42205992902695,0.956182636390877
3.04207020248755,2.14564113217756,NaN,3.06848913255756,3.84129678830637,2.29052955004782,2.61828443017286,NaN,2.23247724608575,3.18321356420733,2.64869614071626,3.35771751180488,2.15520519585807,3.4918697741797,3.98278606341871,2.24847510160508,2.78849360440546
5.55761872214553,6.95550285705741,NaN,2.08779397450569,2.56587295800048,2.82213573046847,1.84573642102951,NaN,0.730362195426645,0.464672835590355,0.494376738780643,3.70714723154044,2.66680978750096,1.2749101818545,3.03698974335652,1.77015918134628,0.988753477561286
4.21786251756981,3.54986207326387,NaN,1.75313823627551,2.66680978750096,6.82781001922943,1.24094054034062,NaN,0.822344239426863,0.479524787185499,0.637455090927251,3.16145929333488,1.64468847885373,1.2749101818545,2.46703271828059,2.66680978750096,1.45300305268136
3.85786303104923,1.89595285834953,NaN,1.68388197017319,1.75313823627551,3.13694256633426,1.59363772731813,NaN,0.697009253385532,0.51334966771096,0.51334966771096,2.66680978750096,0.730362195426645,0.988753477561286,1.6250796746519,1.93536677008908,1.45300305268136
4.00956490721194,2.74133880611744,NaN,0.991440985906399,0.637455090927251,0.928886227529689,0.654571107543214,NaN,0.956182636390877,0.494376738780643,0.822344239426863,1.4319968548907,1.15136017605236,1.68137036303782,1.54004900313288,1.6250796746519,1.43312920095385
2.58942887848088,3.17897707004095,NaN,0.637455090927251,1.24094054034062,1.24094054034062,1.53369079370019,NaN,1.46072439085329,0.955398979391468,0.916251401924014,1.64468847885373,1.9583682673964,1.77015918134628,3.02517310688669,1.29460334828447,1.29460334828447
3.09490806262757,2.78042549376076,NaN,0.494376738780643,0.991440985906399,1.30415753780249,1.24094054034062,NaN,0.92934567118071,1.43312920095385,0.822344239426863,1.18199505627171,2.3585107639843,1.18578951514166,2.27345262662117,1.13672631331058,1.75024530142743
3.34043000300823,4.5532063293061,NaN,3.7108563306069,3.2230072213035,2.77832624683062,2.62342848225956,NaN,1.18578951514166,2.09674883018048,3.03886126123191,2.07580082415311,2.5084265409948,1.87954044391731,3.13906081341745,2.3585107639843,2.549820363709
6.58126228439332,3.85138889399074,NaN,0.637455090927251,0.95461532239206,3.08009800626576,0.730362195426645,NaN,1.87145412537221,0.51334966771096,1.91236527278175,3.28686843188465,1.41099065710004,0.81253983732595,0.697009253385532,2.61381156132165,0.766548815325842
5.9546117784677,4.82664581670258,NaN,0.494376738780643,1.54004900313288,2.5187908382141,0.802735435225038,NaN,1.68388197017319,0.494376738780643,0.822344239426863,2.78042549376076,0.928886227529689,0.694581561707655,1.23034984849808,3.17897707004095,0.766548815325842
6.28574907796287,3.59803070133723,NaN,1.02669933542192,1.08171282436625,1.54004900313288,0.730362195426645,NaN,1.54004900313288,0.494376738780643,0.51334966771096,1.02669933542192,0.988753477561286,0.749872344305285,0.730362195426645,2.21108970226266,2.48188108068124
8.93717472817091,2.58942887848088,NaN,0.646013099235233,0.903157132667318,0.971684399976673,1.85859527320086,NaN,1.02669933542192,0.51334966771096,0.637455090927251,1.18199505627171,0.713685724406089,1.5115896097374,0.942764153785793,1.91891899224866,1.96447556786878
4.7387439629169,3.35041657091763,NaN,0.575402379319106,1.39401850677106,0.802735435225038,2.08779397450569,NaN,0.991440985906399,0.464672835590355,0.730362195426645,0.916251401924014,1.59504590953962,1.91236527278175,1.59363772731813,1.5115896097374,1.5115896097374
4.72788274544275,3.42048281354103,NaN,0.730362195426645,1.18199505627171,2.7126080450965,1.43312920095385,NaN,0.95461532239206,0.695795407546594,0.637455090927251,0.695795407546594,1.11693083696306,1.21336502774114,1.32959901863505,1.60547087045008,1.28475676506949
4.79991539210802,2.66300391238553,NaN,1.97740997886302,2.25214378722706,2.4905678248652,2.92085795386817,NaN,2.86625840190771,2.66645022032203,2.82213573046847,2.88182190856869,2.15728981647795,1.91891899224866,2.72238823357633,2.98484047545463,3.85128963656645
2.98559368484057,2.44042195178413,NaN,0.730362195426645,1.18199505627171,3.2230072213035,0.92934567118071,NaN,2.36399011254341,1.75313823627551,2.10238058660864,2.47688238729223,1.16168208897589,2.08779397450569,0.802735435225038,2.86887455393456,2.32005283216906
3.9167365347928,4.31432141377059,NaN,0.955398979391468,1.66428522451346,2.09674883018048,0.95461532239206,NaN,1.96447556786878,1.61728174792992,2.86766833656879,1.75313823627551,2.90600610536271,1.89595285834953,0.903157132667318,3.69147284205902,5.24713688315886
3.54031836269256,2.72382956051977,NaN,0.730362195426645,1.90923064478412,1.75558142204399,2.48188108068124,NaN,1.87145412537221,1.18199505627171,1.24094054034062,1.24094054034062,0.654571107543214,1.11693083696306,2.05339867084384,20.2249805834577,1.54004900313288
2.68371209309025,2.26965500579298,NaN,0.646013099235233,1.08171282436625,1.11541747391647,1.42205992902695,NaN,1.13672631331058,1.42205992902695,0.730362195426645,2.15520519585807,1.23034984849808,1.29460334828447,3.48848191133968,20.2249805834577,1.4430661268176
3.08859352029154,2.31598169530274,NaN,0.637455090927251,1.87145412537221,1.11541747391647,1.18199505627171,NaN,0.766548815325842,0.822344239426863,0.95461532239206,2.11922882755285,2.74133880611744,1.78785575467026,2.37213851978025,20.2249805834577,1.43312920095385
5.69759691296712,2.06785696318325,NaN,0.494376738780643,1.41099065710004,0.637455090927251,0.802735435225038,NaN,0.95461532239206,0.674576334625435,0.95461532239206,1.96447556786878,1.46072439085329,2.06785696318325,2.56587295800048,20.2249805834577,1.6250796746519
5.09082053270596,3.17671331769449,NaN,3.40224436913357,3.34907375740656,3.58628782015001,3.84129678830637,NaN,2.66680978750096,2.01794223346674,3.18321356420733,2.57373947363566,3.06514185042345,2.68796080916199,3.21697448110182,4.13571392636651,2.28606222520082
5.07733253147022,3.03886126123191,NaN,2.25722538211586,1.13672631331058,1.18578951514166,4.79668103332843,NaN,0.955398979391468,1.18199505627171,1.11693083696306,1.12682857513682,2.15520519585807,2.5667483385548,1.38916312341531,2.87805762515331,0.95461532239206
4.11172119713432,2.77961742741676,NaN,0.95461532239206,2.70061439867955,1.42205992902695,4.78439882996823,NaN,1.16168208897589,2.5187908382141,1.50038669699309,1.40250458193555,1.6250796746519,4.32012086304094,1.54004900313288,19.2042064891224,2.57808860851784
3.08750303444667,2.66680978750096,NaN,0.694581561707655,1.86507273386682,0.955398979391468,18.8127064520282,NaN,0.95461532239206,0.697009253385532,2.31218407447455,1.30225460024478,1.13672631331058,2.58942887848088,1.11617415543977,20.2249805834577,2.46703271828059
2.27345262662117,2.97730588923385,NaN,0.802735435225038,0.51334966771096,1.30187278168545,3.20099214567222,NaN,1.46072439085329,0.637455090927251,1.02669933542192,2.00588346912012,0.956182636390877,2.65250201583169,1.18199505627171,7.38990168169361,1.48313021634193
1.28475676506949,2.88874840566206,NaN,1.64092576854172,0.766548815325842,1.75313823627551,2.10238058660864,NaN,1.33340489375048,0.713685724406089,0.903157132667318,1.40007689025768,2.26585738496479,2.94937733547022,1.13672631331058,2.89646974383399,2.75212752714027
1.77015918134628,3.00799176633781,NaN,1.18199505627171,1.61591289750816,1.72702057575974,0.956182636390877,NaN,0.822344239426863,0.637455090927251,0.694581561707655,1.14920420114324,1.46072439085329,1.91236527278175,0.694581561707655,4.07589672918961,1.45300305268136
2.18807124817786,3.054665168535,NaN,2.72134783903089,1.97750695512257,2.33814791281201,2.83647479935393,NaN,1.43312920095385,2.33105429016557,2.64751137733414,2.86740315554017,0.903157132667318,2.23109281824538,2.58942887848088,3.53211735204128,3.07288355236554
3.08009800626576,1.9583682673964,NaN,1.41099065710004,8.18509808695242,1.21336502774114,2.22847198562236,NaN,2.13607706849706,1.41099065710004,1.2749101818545,2.15520519585807,1.28475676506949,2.19314900705172,3.72442982444138,3.70875543495996,2.19423880454501
3.19931761406491,1.91079795878294,NaN,1.24094054034062,6.82957276459749,1.59363772731813,1.41099065710004,NaN,3.40768472567322,4.74064728840036,1.18199505627171,1.87145412537221,1.77015918134628,2.40571784071502,2.4363752794978,20.2249805834577,1.66428522451346
2.66680978750096,2.24985952944546,NaN,1.16168208897589,3.4365323377679,1.35938107102518,2.29461078145828,NaN,1.40250458193555,0.95461532239206,1.67194151437278,0.802735435225038,2.44504369317818,1.59363772731813,4.37647617940842,20.2249805834577,1.29460334828447
2.87001930756702,4.93406543656118,NaN,0.956182636390877,20.1752456705215,0.802735435225038,2.65250201583169,NaN,1.18199505627171,0.646013099235233,0.95461532239206,0.479524787185499,2.58942887848088,1.54004900313288,2.23386167392613,20.2249805834577,1.11693083696306
2.40571784071502,4.21786251756981,NaN,0.694581561707655,22.1344469730346,1.87905084690563,2.47445689948092,NaN,0.95461532239206,0.51334966771096,0.51334966771096,0.479524787185499,1.91236527278175,1.13672631331058,4.21786251756981,9.0977805645133,0.988753477561286
3.48848191133968,6.89939211301344,NaN,0.694581561707655,5.16752335978056,1.11693083696306,2.32847557333729,NaN,1.1718385726238,0.51334966771096,0.51334966771096,0.575402379319106,1.93864362982253,1.13672631331058,4.53171476992958,20.2249805834577,1.0077264064916
13.2307228378027,19.8582397223092,NaN,0.637455090927251,4.76002237819614,0.956182636390877,19.0869628409468,NaN,0.92934567118071,0.654571107543214,0.822344239426863,0.51334966771096,0.956182636390877,1.43312920095385,6.74846286953374,20.2249805834577,0.956182636390877
